{
  "RandomForest": {
    "accuracy": 0.5121378230227095,
    "precision": 0.52981220657277,
    "recall": 0.5653807615230461,
    "f1": 0.5470189045079981
  },
  "LSTM": {
    "accuracy": 0.5146076247871086,
    "precision": 0.5323471751915879,
    "recall": 0.734267453294002,
    "f1": 0.6172125219547474
  }
}