{
  "GCN": {
    "accuracy": 0.5942684766214178,
    "precision": 0.5847280334728033,
    "recall": 0.7985714285714286,
    "f1": 0.6751207729468599
  },
  "GAT": {
    "accuracy": 0.55052790346908,
    "precision": 0.5484171322160148,
    "recall": 0.8414285714285714,
    "f1": 0.6640360766629086
  },
  "GraphSAGE": {
    "accuracy": 0.5429864253393665,
    "precision": 0.6012931034482759,
    "recall": 0.3985714285714286,
    "f1": 0.4793814432989691
  },
  "TemporalGNN": {
    "accuracy": 0.6078431372549019,
    "precision": 0.5949367088607594,
    "recall": 0.8057142857142857,
    "f1": 0.6844660194174758
  }
}